id,nome,cpf,email,telefone,data_nascimento,created_on,updated_on
13,F******** Albuquerque,613.***.***-**,c*********@example.com,9608,1997-09-09,2025-10-15 15:37:17.266004,2025-10-15 15:37:17.266004
81,M***** Azevedo,248.***.***-**,m*****************@example.net,9397,1997-03-23,2025-10-15 15:37:17.266096,2025-10-15 15:37:17.266097
150,R*** da Luz,685.***.***-**,a****************@example.net,4181,1997-03-24,2025-10-15 15:37:17.266192,2025-10-15 15:37:17.266192
228,V******* Machado,145.***.***-**,d***********@example.com,4350,1997-07-16,2025-10-15 15:37:17.266302,2025-10-15 15:37:17.266302
240,D*** Sophia da Mata,437.***.***-**,d******************@example.org,1115,1997-09-11,2025-10-15 15:37:17.266317,2025-10-15 15:37:17.266318
324,T***** Borges,153.***.***-**,l***********@example.org,6185,1997-03-23,2025-10-15 15:37:17.266437,2025-10-15 15:37:17.266437
366,A**** Machado,403.***.***-**,n*******@example.org,8736,1997-10-25,2025-10-15 15:37:17.266490,2025-10-15 15:37:17.266491
402,L*** Pereira,367.***.***-**,h********@example.net,9830,1997-09-09,2025-10-15 15:37:17.266536,2025-10-15 15:37:17.266537
596,M****** Rios,659.***.***-**,d************@example.org,7716,1997-01-13,2025-10-15 15:37:17.266786,2025-10-15 15:37:17.266786
599,J*** Martins,014.***.***-**,g***********@example.org,3409,1997-10-31,2025-10-15 15:37:17.266789,2025-10-15 15:37:17.266790
717,L***** Pimenta,012.***.***-**,x********@example.net,8258,1997-01-06,2025-10-15 15:37:17.266936,2025-10-15 15:37:17.266937
764,D*** Miguel Cirino,953.***.***-**,e***************@example.com,3136,1997-11-16,2025-10-15 15:37:17.266997,2025-10-15 15:37:17.266997
807,S** Diego Jesus,942.***.***-**,o*******@example.org,5358,1997-03-31,2025-10-15 15:37:17.267051,2025-10-15 15:37:17.267052
824,J*** Felipe Nunes,983.***.***-**,u*****@example.com,3705,1997-10-11,2025-10-15 15:37:17.267072,2025-10-15 15:37:17.267072
888,V**** Hugo Vasconcelos,683.***.***-**,m*****************@example.org,6097,1997-11-12,2025-10-15 15:37:17.267151,2025-10-15 15:37:17.267152
1054,M***** da Cunha,083.***.***-**,f**************@example.org,8867,1997-07-31,2025-10-15 15:37:17.267369,2025-10-15 15:37:17.267370
1093,B**** Azevedo,904.***.***-**,s**********@example.net,2551,1997-12-29,2025-10-15 15:37:17.267420,2025-10-15 15:37:17.267420
1290,D** Henrique da Rocha,749.***.***-**,l****@example.org,7597,1997-02-20,2025-10-15 15:37:17.267683,2025-10-15 15:37:17.267684
1302,R**** Ribeiro,823.***.***-**,p*******@example.org,7836,1997-02-04,2025-10-15 15:37:17.267698,2025-10-15 15:37:17.267699
1310,V**** Nogueira,496.***.***-**,d*******************@example.net,7367,1997-12-15,2025-10-15 15:37:17.267715,2025-10-15 15:37:17.267716
1415,L**** Câmara,264.***.***-**,c***************@example.com,6044,1997-05-03,2025-10-15 15:37:17.267848,2025-10-15 15:37:17.267849
1527,A****** Gabriel Siqueira,915.***.***-**,s*************@example.com,0487,1997-04-05,2025-10-15 15:37:17.267990,2025-10-15 15:37:17.267990
1529,D***** Rodrigues,317.***.***-**,n***********@example.org,9138,1997-07-04,2025-10-15 15:37:17.267992,2025-10-15 15:37:17.267993
1548,J****** da Luz,925.***.***-**,f**********@example.org,3768,1997-09-20,2025-10-15 15:37:17.268016,2025-10-15 15:37:17.268016
1899,L****** Moura,025.***.***-**,t*********@example.org,1788,1997-11-30,2025-10-15 15:37:17.268474,2025-10-15 15:37:17.268475
1942,S*** Marina Montenegro,941.***.***-**,m***********@example.com,8240,1997-03-30,2025-10-15 15:37:17.268529,2025-10-15 15:37:17.268529
1975,B****** da Paz,604.***.***-**,c***********@example.com,9930,1997-04-23,2025-10-15 15:37:17.268571,2025-10-15 15:37:17.268572
2044,S**** Pietra Alves,617.***.***-**,p**********@example.org,9324,1997-08-06,2025-10-15 15:37:17.268659,2025-10-15 15:37:17.268659
2059,I****** Castro,921.***.***-**,z*****@example.org,1127,1997-08-07,2025-10-15 15:37:17.268677,2025-10-15 15:37:17.268678
2192,L**** Fonseca,024.***.***-**,j******@example.com,9256,1997-01-18,2025-10-15 15:37:17.268845,2025-10-15 15:37:17.268845
2209,A***** Cirino,167.***.***-**,c****************@example.net,0203,1997-10-06,2025-10-15 15:37:17.268867,2025-10-15 15:37:17.268868
2239,E**** Farias,236.***.***-**,v********@example.com,8585,1997-06-26,2025-10-15 15:37:17.268904,2025-10-15 15:37:17.268904
2247,S****** Rezende,782.***.***-**,a********@example.org,7725,1997-09-29,2025-10-15 15:37:17.268913,2025-10-15 15:37:17.268914
2269,J**** Barbosa,745.***.***-**,t**********@example.org,9277,1997-12-16,2025-10-15 15:37:17.268942,2025-10-15 15:37:17.268943
2365,D***** Cavalcante,901.***.***-**,d**********@example.net,2211,1997-05-05,2025-10-15 15:37:17.269065,2025-10-15 15:37:17.269066
2566,L*** Felipe Guerra,789.***.***-**,t*******@example.org,9335,1997-04-28,2025-10-15 15:37:17.269330,2025-10-15 15:37:17.269331
2613,P**** Correia,479.***.***-**,j******@example.org,2633,1997-09-27,2025-10-15 15:37:17.269391,2025-10-15 15:37:17.269391
2623,S***** Teixeira,208.***.***-**,m**************@example.com,7594,1997-12-30,2025-10-15 15:37:17.269404,2025-10-15 15:37:17.269404
2645,O***** Cavalcante,732.***.***-**,l******@example.org,7651,1997-07-01,2025-10-15 15:37:17.269433,2025-10-15 15:37:17.269433
2681,N***** Melo,692.***.***-**,h********@example.com,2593,1997-05-16,2025-10-15 15:37:17.269480,2025-10-15 15:37:17.269480
2736,F******* Andrade,025.***.***-**,m*************@example.net,6295,1997-08-04,2025-10-15 15:37:17.269548,2025-10-15 15:37:17.269549
2910,B****** Barbosa,295.***.***-**,q*****@example.com,0700,1997-03-11,2025-10-15 15:37:17.269784,2025-10-15 15:37:17.269785
2939,M***** Vieira,683.***.***-**,g********@example.org,1451,1997-09-17,2025-10-15 15:37:17.269822,2025-10-15 15:37:17.269823
3203,O*** Cassiano,217.***.***-**,g***********@example.net,4170,1997-02-03,2025-10-15 15:37:17.270174,2025-10-15 15:37:17.270175
3229,L**** Nogueira,753.***.***-**,p*****************@example.com,9023,1997-07-01,2025-10-15 15:37:17.270207,2025-10-15 15:37:17.270208
3233,S***** Melo,265.***.***-**,c********@example.net,4364,1997-12-06,2025-10-15 15:37:17.270212,2025-10-15 15:37:17.270213
3247,L****** Costa,510.***.***-**,b*****************@example.net,8037,1997-11-08,2025-10-15 15:37:17.270229,2025-10-15 15:37:17.270230
3340,O***** Vieira,765.***.***-**,q*****@example.net,4505,1997-05-13,2025-10-15 15:37:17.270354,2025-10-15 15:37:17.270355
3499,J*** Pedro Alves,419.***.***-**,e******@example.net,3286,1997-07-28,2025-10-15 15:37:17.270559,2025-10-15 15:37:17.270559
3513,A** Lívia Barros,729.***.***-**,b********@example.com,1689,1997-10-07,2025-10-15 15:37:17.270576,2025-10-15 15:37:17.270576
3543,S** Leonardo Alves,905.***.***-**,c******@example.net,8231,1997-10-03,2025-10-15 15:37:17.270614,2025-10-15 15:37:17.270615
3601,M**** Liz Oliveira,861.***.***-**,m**************@example.com,2434,1997-03-07,2025-10-15 15:37:17.270687,2025-10-15 15:37:17.270687
3617,A***** Miguel da Cruz,891.***.***-**,p*******@example.org,5907,1997-02-01,2025-10-15 15:37:17.270708,2025-10-15 15:37:17.270709
3620,M***** Lima,508.***.***-**,t**********@example.org,3134,1997-07-18,2025-10-15 15:37:17.270712,2025-10-15 15:37:17.270712
3733,D***** Mendonça,905.***.***-**,j*****************@example.net,0808,1997-05-12,2025-10-15 15:37:17.270858,2025-10-15 15:37:17.270859
3771,L** Campos,372.***.***-**,a*******************@example.net,3508,1997-05-24,2025-10-15 15:37:17.270907,2025-10-15 15:37:17.270908
3788,R*** Lucca Vargas,450.***.***-**,f***********@example.org,1722,1997-04-29,2025-10-15 15:37:17.270930,2025-10-15 15:37:17.270930
3809,M**** Eduarda Montenegro,598.***.***-**,c***************@example.org,5841,1997-10-14,2025-10-15 15:37:17.270955,2025-10-15 15:37:17.270956
3929,K****** Viana,236.***.***-**,a**********@example.com,1959,1997-09-08,2025-10-15 15:37:17.271108,2025-10-15 15:37:17.271109
3961,H******* Carvalho,187.***.***-**,f******************@example.com,4901,1997-07-23,2025-10-15 15:37:17.271149,2025-10-15 15:37:17.271150
4036,L*** Machado,986.***.***-**,p******************@example.org,5015,1997-01-28,2025-10-15 15:37:17.271244,2025-10-15 15:37:17.271245
4082,J*** Miguel Casa Grande,627.***.***-**,e*******@example.net,5985,1997-10-18,2025-10-15 15:37:17.271308,2025-10-15 15:37:17.271309
4110,R**** Gonçalves,286.***.***-**,a*******@example.org,8534,1997-03-31,2025-10-15 15:37:17.271343,2025-10-15 15:37:17.271344
4205,A** Laura Costa,012.***.***-**,o************@example.com,4196,1997-07-15,2025-10-15 15:37:17.271482,2025-10-15 15:37:17.271482
4261,C*** Campos,412.***.***-**,j*********@example.com,6645,1997-02-20,2025-10-15 15:37:17.271552,2025-10-15 15:37:17.271552
4296,D** Enzo Gabriel da Rosa,219.***.***-**,l**************@example.net,7199,1997-10-31,2025-10-15 15:37:17.271599,2025-10-15 15:37:17.271599
4392,B****** Cardoso,465.***.***-**,a**********@example.net,0219,1997-02-27,2025-10-15 15:37:17.271723,2025-10-15 15:37:17.271724
4422,E***** Lima,843.***.***-**,l********@example.org,8963,1997-08-13,2025-10-15 15:37:17.271762,2025-10-15 15:37:17.271762
4441,D*** Luiz Novais,794.***.***-**,p************@example.com,0061,1997-06-13,2025-10-15 15:37:17.271786,2025-10-15 15:37:17.271786
4473,E***** Barros,192.***.***-**,a********@example.net,5352,1997-03-07,2025-10-15 15:37:17.271828,2025-10-15 15:37:17.271829
4550,K****** Farias,761.***.***-**,e*****@example.com,7589,1997-10-12,2025-10-15 15:37:17.271928,2025-10-15 15:37:17.271928
4606,C***** Brito,891.***.***-**,j***********@example.org,6753,1997-06-14,2025-10-15 15:37:17.271997,2025-10-15 15:37:17.271998
4611,N***** da Cruz,731.***.***-**,m***********@example.com,2981,1997-08-18,2025-10-15 15:37:17.272003,2025-10-15 15:37:17.272004
4624,E******** Caldeira,204.***.***-**,e*************@example.net,8853,1997-02-13,2025-10-15 15:37:17.272019,2025-10-15 15:37:17.272020
4670,Y***** Aragão,358.***.***-**,c**************@example.com,2508,1997-07-07,2025-10-15 15:37:17.272077,2025-10-15 15:37:17.272077
4749,V****** Castro,612.***.***-**,g***************@example.com,4107,1997-05-01,2025-10-15 15:37:17.272177,2025-10-15 15:37:17.272177
4790,S**** Maria Alice Lima,316.***.***-**,c************@example.com,4200,1997-08-19,2025-10-15 15:37:17.272229,2025-10-15 15:37:17.272229
4808,E****** Cavalcanti,214.***.***-**,r*********@example.com,0282,1997-06-22,2025-10-15 15:37:17.272253,2025-10-15 15:37:17.272253
4849,B**** Guerra,501.***.***-**,d****@example.net,0950,1997-02-23,2025-10-15 15:37:17.272310,2025-10-15 15:37:17.272311
4954,S**** Alícia da Conceição,041.***.***-**,b********@example.net,1838,1997-05-29,2025-10-15 15:37:17.272462,2025-10-15 15:37:17.272462
4982,D***** Cardoso,409.***.***-**,a***********@example.com,0853,1997-04-01,2025-10-15 15:37:17.272499,2025-10-15 15:37:17.272499
4987,H****** Aragão,025.***.***-**,j*********************@example.net,9605,1997-01-02,2025-10-15 15:37:17.272505,2025-10-15 15:37:17.272505
5025,O*** Borges,864.***.***-**,u******@example.org,5195,1997-10-31,2025-10-15 15:37:17.272553,2025-10-15 15:37:17.272554
5041,M****** Carvalho,401.***.***-**,f************@example.org,0990,1997-08-11,2025-10-15 15:37:17.272572,2025-10-15 15:37:17.272573
5051,L**** Abreu,570.***.***-**,r*****@example.net,7363,1997-04-30,2025-10-15 15:37:17.272584,2025-10-15 15:37:17.272585
5268,N*** da Rosa,034.***.***-**,m********@example.net,7690,1997-07-02,2025-10-15 15:37:17.272926,2025-10-15 15:37:17.272926
5300,V****** Moreira,175.***.***-**,h*********@example.net,7654,1997-01-03,2025-10-15 15:37:17.272965,2025-10-15 15:37:17.272966
5378,A***** Almeida,962.***.***-**,i************@example.com,6500,1997-03-07,2025-10-15 15:37:17.273068,2025-10-15 15:37:17.273068
5479,J**** da Luz,359.***.***-**,c**************@example.com,0938,1997-04-15,2025-10-15 15:37:17.273200,2025-10-15 15:37:17.273201
5481,J*** Pedro Sousa,418.***.***-**,a***************@example.net,3561,1997-09-14,2025-10-15 15:37:17.273203,2025-10-15 15:37:17.273204
5499,B******* Cunha,029.***.***-**,l*******@example.net,7056,1997-12-17,2025-10-15 15:37:17.273226,2025-10-15 15:37:17.273226
5528,M****** Ribeiro,098.***.***-**,h*******@example.net,6768,1997-01-05,2025-10-15 15:37:17.273264,2025-10-15 15:37:17.273265
5716,D*** Gabriela Barbosa,103.***.***-**,d***********@example.org,8980,1997-12-26,2025-10-15 15:37:17.273519,2025-10-15 15:37:17.273520
5765,L**** Azevedo,815.***.***-**,l*******************@example.net,5177,1997-08-26,2025-10-15 15:37:17.273582,2025-10-15 15:37:17.273583
5815,M***** Pastor,286.***.***-**,p********************@example.org,2478,1997-06-06,2025-10-15 15:37:17.273647,2025-10-15 15:37:17.273647
5927,S**** Sousa,598.***.***-**,l**************@example.org,8867,1997-08-17,2025-10-15 15:37:17.273793,2025-10-15 15:37:17.273793
6179,H**** da Rosa,625.***.***-**,g*****@example.org,7150,1997-05-09,2025-10-15 15:37:17.274120,2025-10-15 15:37:17.274120
6377,M****** Ramos,149.***.***-**,j***********@example.org,0478,1997-08-19,2025-10-15 15:37:17.274390,2025-10-15 15:37:17.274391
6381,J**** Caldeira,496.***.***-**,m*************@example.org,8551,1997-06-04,2025-10-15 15:37:17.274395,2025-10-15 15:37:17.274396
6387,S**** Maria Laura da Conceição,346.***.***-**,v*********@example.net,1591,1997-05-03,2025-10-15 15:37:17.274403,2025-10-15 15:37:17.274404
6463,V**** Gabriel Marques,786.***.***-**,b*************@example.org,3767,1997-11-15,2025-10-15 15:37:17.274504,2025-10-15 15:37:17.274504
6477,C*** Jesus,451.***.***-**,m****************@example.org,8505,1997-07-24,2025-10-15 15:37:17.274521,2025-10-15 15:37:17.274522
6511,H****** Mendes,031.***.***-**,c**************@example.net,4461,1997-10-31,2025-10-15 15:37:17.274568,2025-10-15 15:37:17.274569
6672,D*** Bárbara Dias,312.***.***-**,k*******@example.com,6512,1997-03-22,2025-10-15 15:37:17.274779,2025-10-15 15:37:17.274779
6708,O***** Cardoso,841.***.***-**,v*****************@example.net,7803,1997-04-08,2025-10-15 15:37:17.274824,2025-10-15 15:37:17.274824
6780,A**** Santos,581.***.***-**,a***************@example.com,6967,1997-12-16,2025-10-15 15:37:17.274919,2025-10-15 15:37:17.274920
6937,L******* Fonseca,190.***.***-**,h*****@example.net,6305,1997-01-21,2025-10-15 15:37:17.275129,2025-10-15 15:37:17.275129
6953,S** Davi Luiz Ribeiro,401.***.***-**,m*****************@example.com,7136,1997-07-03,2025-10-15 15:37:17.275149,2025-10-15 15:37:17.275150
7008,L**** da Cruz,753.***.***-**,w*******@example.org,0627,1997-02-08,2025-10-15 15:37:17.275221,2025-10-15 15:37:17.275221
7131,N***** Albuquerque,520.***.***-**,c*************@example.net,9104,1997-05-01,2025-10-15 15:37:17.275390,2025-10-15 15:37:17.275391
7333,E****** Vasconcelos,823.***.***-**,f************@example.com,7961,1997-11-18,2025-10-15 15:37:17.275656,2025-10-15 15:37:17.275657
7360,B***** Casa Grande,943.***.***-**,m*******@example.net,5766,1997-07-04,2025-10-15 15:37:17.275692,2025-10-15 15:37:17.275692
7420,S**** Kamilly Cavalcante,327.***.***-**,i*********@example.net,3791,1997-10-01,2025-10-15 15:37:17.275768,2025-10-15 15:37:17.275769
7423,L****** Novais,804.***.***-**,t*******@example.net,9138,1997-01-16,2025-10-15 15:37:17.275772,2025-10-15 15:37:17.275773
7457,S****** Abreu,397.***.***-**,f**************@example.com,6667,1997-03-21,2025-10-15 15:37:17.275817,2025-10-15 15:37:17.275817
7527,J**** Caldeira,396.***.***-**,f***********@example.net,1591,1997-12-05,2025-10-15 15:37:17.275913,2025-10-15 15:37:17.275914
7641,T***** da Rosa,350.***.***-**,v********@example.net,3693,1997-06-28,2025-10-15 15:37:17.276060,2025-10-15 15:37:17.276061
7703,D*** Júlia Farias,042.***.***-**,a*************@example.com,9692,1997-05-24,2025-10-15 15:37:17.276144,2025-10-15 15:37:17.276144
7717,J*** Miguel Vargas,192.***.***-**,a***************@example.org,6592,1997-09-13,2025-10-15 15:37:17.276162,2025-10-15 15:37:17.276162
7720,C***** Nunes,427.***.***-**,d**********@example.net,0091,1997-08-24,2025-10-15 15:37:17.276165,2025-10-15 15:37:17.276166
7735,C****** Oliveira,593.***.***-**,b*****@example.net,6277,1997-08-31,2025-10-15 15:37:17.276186,2025-10-15 15:37:17.276187
7800,D** Samuel Silveira,946.***.***-**,e****************@example.net,5474,1997-09-30,2025-10-15 15:37:17.276269,2025-10-15 15:37:17.276270
7822,I******* Freitas,709.***.***-**,s***********@example.org,4377,1997-06-02,2025-10-15 15:37:17.276306,2025-10-15 15:37:17.276306
7831,V**** Alves,908.***.***-**,i*********@example.net,0796,1997-10-16,2025-10-15 15:37:17.276318,2025-10-15 15:37:17.276319
7896,J*** Carvalho,031.***.***-**,a***************@example.com,3191,1997-09-09,2025-10-15 15:37:17.276410,2025-10-15 15:37:17.276410
7914,I****** Cavalcanti,981.***.***-**,i*************@example.org,1235,1997-09-14,2025-10-15 15:37:17.276435,2025-10-15 15:37:17.276436
8014,A** Julia da Costa,478.***.***-**,c**********@example.com,4495,1997-05-03,2025-10-15 15:37:17.276560,2025-10-15 15:37:17.276561
8065,B**** da Mata,630.***.***-**,k***********@example.com,8526,1997-06-02,2025-10-15 15:37:17.276625,2025-10-15 15:37:17.276625
8088,R*** Lucca Rezende,597.***.***-**,r********@example.org,9596,1997-10-28,2025-10-15 15:37:17.276655,2025-10-15 15:37:17.276656
8126,G****** Henrique Novais,512.***.***-**,n**********@example.org,2584,1997-09-26,2025-10-15 15:37:17.276706,2025-10-15 15:37:17.276707
8251,M****** Ferreira,298.***.***-**,p*****@example.com,5250,1997-04-01,2025-10-15 15:37:17.276866,2025-10-15 15:37:17.276867
8294,R*** Carvalho,857.***.***-**,p*****@example.com,8578,1997-03-29,2025-10-15 15:37:17.276920,2025-10-15 15:37:17.276921
8404,S**** Nascimento,462.***.***-**,m************@example.org,9799,1997-10-20,2025-10-15 15:37:17.277063,2025-10-15 15:37:17.277064
8451,A*** Liz Barros,126.***.***-**,e************@example.com,6446,1997-06-30,2025-10-15 15:37:17.277123,2025-10-15 15:37:17.277123
8478,S** Paulo Pastor,032.***.***-**,h*******@example.com,7621,1997-01-11,2025-10-15 15:37:17.277158,2025-10-15 15:37:17.277158
8515,A****** Guerra,263.***.***-**,a**********@example.org,6289,1997-12-10,2025-10-15 15:37:17.277204,2025-10-15 15:37:17.277205
8521,R*** Montenegro,432.***.***-**,b**************@example.com,0761,1997-05-12,2025-10-15 15:37:17.277212,2025-10-15 15:37:17.277212
8640,I****** Cardoso,648.***.***-**,d***************@example.org,2983,1997-10-22,2025-10-15 15:37:17.277371,2025-10-15 15:37:17.277371
8663,A***** Leão,649.***.***-**,a*********@example.net,3491,1997-01-04,2025-10-15 15:37:17.277400,2025-10-15 15:37:17.277400
8761,D*** Olívia Moura,504.***.***-**,l******@example.net,2265,1997-12-26,2025-10-15 15:37:17.277528,2025-10-15 15:37:17.277529
8859,F***** Novais,804.***.***-**,j******@example.com,8035,1997-06-01,2025-10-15 15:37:17.277654,2025-10-15 15:37:17.277655
8930,A***** Santos,934.***.***-**,c********@example.com,4780,1997-06-03,2025-10-15 15:37:17.277744,2025-10-15 15:37:17.277745
9010,A***** Lima,315.***.***-**,o**********@example.net,1939,1997-11-25,2025-10-15 15:37:17.277845,2025-10-15 15:37:17.277846
9061,R*** Azevedo,731.***.***-**,a*******@example.org,7976,1997-11-21,2025-10-15 15:37:17.277910,2025-10-15 15:37:17.277911
9075,L***** Melo,489.***.***-**,b*****************@example.net,9752,1997-12-21,2025-10-15 15:37:17.277927,2025-10-15 15:37:17.277928
9098,S** Enzo Gabriel Melo,193.***.***-**,d******************@example.org,0398,1997-12-15,2025-10-15 15:37:17.277958,2025-10-15 15:37:17.277959
9161,O*** Barbosa,630.***.***-**,m*************@example.org,2355,1997-07-27,2025-10-15 15:37:17.278037,2025-10-15 15:37:17.278037
9166,S*** Viana,014.***.***-**,p****************@example.org,5257,1997-09-01,2025-10-15 15:37:17.278043,2025-10-15 15:37:17.278043
9211,D**** Brito,265.***.***-**,l**********@example.org,7915,1997-11-23,2025-10-15 15:37:17.278099,2025-10-15 15:37:17.278100
9269,O***** Pinto,452.***.***-**,a******@example.com,1184,1997-12-05,2025-10-15 15:37:17.278174,2025-10-15 15:37:17.278174
9322,A** Carolina Viana,298.***.***-**,a************@example.org,4163,1997-02-05,2025-10-15 15:37:17.278240,2025-10-15 15:37:17.278240
9349,M**** Isis Pacheco,358.***.***-**,l*************@example.com,3760,1997-03-24,2025-10-15 15:37:17.278278,2025-10-15 15:37:17.278279
9465,L**** Gabriel Pires,572.***.***-**,a**************@example.net,1993,1997-10-21,2025-10-15 15:37:17.278430,2025-10-15 15:37:17.278431
9468,B****** Cardoso,937.***.***-**,c******@example.org,9737,1997-10-25,2025-10-15 15:37:17.278434,2025-10-15 15:37:17.278434
9623,L*** Otávio Cardoso,540.***.***-**,f*******@example.com,3826,1997-08-14,2025-10-15 15:37:17.278631,2025-10-15 15:37:17.278631
9669,M**** Helena Cirino,275.***.***-**,h*******@example.org,1948,1997-06-29,2025-10-15 15:37:17.278689,2025-10-15 15:37:17.278689
9803,R***** Ferreira,594.***.***-**,m******@example.com,5196,1997-07-24,2025-10-15 15:37:17.278858,2025-10-15 15:37:17.278859
9873,E***** Leão,097.***.***-**,p***************@example.org,5906,1997-10-19,2025-10-15 15:37:17.278949,2025-10-15 15:37:17.278949
9915,V******* Cirino,023.***.***-**,v*************@example.com,2243,1997-03-08,2025-10-15 15:37:17.279004,2025-10-15 15:37:17.279005
9934,M**** Laura da Rocha,197.***.***-**,d*******************@example.org,5330,1997-03-23,2025-10-15 15:37:17.279028,2025-10-15 15:37:17.279028
9942,M****** Pereira,861.***.***-**,b*******@example.org,7327,1997-02-10,2025-10-15 15:37:17.279039,2025-10-15 15:37:17.279040
10003,T***** Andrade,506.***.***-**,a****************@example.net,6287,1997-12-06,2025-10-15 15:37:17.279115,2025-10-15 15:37:17.279116
10057,S*** Barros,401.***.***-**,a***********@example.net,9837,1997-04-18,2025-10-15 15:37:17.279185,2025-10-15 15:37:17.279186
10097,F******* Carvalho,209.***.***-**,m***********@example.net,3613,1997-09-13,2025-10-15 15:37:17.279236,2025-10-15 15:37:17.279237
10165,J*** Felipe Monteiro,158.***.***-**,l********@example.org,5578,1997-11-11,2025-10-15 15:37:17.279331,2025-10-15 15:37:17.279332
10271,B**** Pires,406.***.***-**,w*****@example.org,0879,1997-07-16,2025-10-15 15:37:17.279471,2025-10-15 15:37:17.279472
10307,S**** Melo,120.***.***-**,s***********@example.com,2918,1997-05-12,2025-10-15 15:37:17.279517,2025-10-15 15:37:17.279518
10363,S***** Cirino,930.***.***-**,i******@example.com,9982,1997-05-15,2025-10-15 15:37:17.279587,2025-10-15 15:37:17.279588
10581,G******** Santos,247.***.***-**,a************@example.org,7357,1997-01-12,2025-10-15 15:37:17.279868,2025-10-15 15:37:17.279868
10638,S**** Ana Luiza Mendes,276.***.***-**,a*******************@example.org,3452,1997-09-06,2025-10-15 15:37:17.279939,2025-10-15 15:37:17.279940
10659,G*** Henrique da Costa,603.***.***-**,f*************@example.com,5734,1997-12-31,2025-10-15 15:37:17.279964,2025-10-15 15:37:17.279965
10666,D***** Monteiro,658.***.***-**,h*******@example.net,7737,1997-06-03,2025-10-15 15:37:17.279976,2025-10-15 15:37:17.279977
10746,A** Clara Castro,547.***.***-**,g*******************@example.net,7040,1997-03-10,2025-10-15 15:37:17.280093,2025-10-15 15:37:17.280094
10780,D**** Novais,093.***.***-**,i*********@example.com,3618,1997-11-16,2025-10-15 15:37:17.280144,2025-10-15 15:37:17.280144
10786,G*** Henrique Martins,325.***.***-**,b****@example.net,2390,1997-10-09,2025-10-15 15:37:17.280151,2025-10-15 15:37:17.280151
10819,B***** da Luz,528.***.***-**,e*******@example.com,4825,1997-02-23,2025-10-15 15:37:17.280194,2025-10-15 15:37:17.280195
10848,L*** Gustavo Guerra,283.***.***-**,c**********@example.com,7563,1997-12-03,2025-10-15 15:37:17.280232,2025-10-15 15:37:17.280233
10866,L*** Sampaio,315.***.***-**,d*************@example.org,1949,1997-12-19,2025-10-15 15:37:17.280254,2025-10-15 15:37:17.280254
10946,L******* Freitas,091.***.***-**,l******@example.com,8892,1997-05-14,2025-10-15 15:37:17.280363,2025-10-15 15:37:17.280364
11008,L*** Porto,456.***.***-**,i**************@example.net,3452,1997-11-19,2025-10-15 15:37:17.280445,2025-10-15 15:37:17.280446
11269,E******** Alves,521.***.***-**,a*******@example.net,8070,1997-08-09,2025-10-15 15:37:17.280780,2025-10-15 15:37:17.280780
11285,D*** Ísis Mendes,260.***.***-**,b*********@example.org,8870,1997-06-29,2025-10-15 15:37:17.280799,2025-10-15 15:37:17.280800
11328,E***** da Paz,041.***.***-**,m**********@example.net,3741,1997-09-10,2025-10-15 15:37:17.280856,2025-10-15 15:37:17.280857
11376,D** Lucca Teixeira,612.***.***-**,p*********************@example.net,0514,1997-08-11,2025-10-15 15:37:17.280919,2025-10-15 15:37:17.280919
11435,C*** Campos,143.***.***-**,g********@example.com,5770,1997-06-16,2025-10-15 15:37:17.280994,2025-10-15 15:37:17.280995
11551,E***** Porto,945.***.***-**,c*********@example.com,9693,1997-01-08,2025-10-15 15:37:17.281139,2025-10-15 15:37:17.281140
11654,S******* Garcia,293.***.***-**,h************@example.com,0237,1997-10-07,2025-10-15 15:37:17.281271,2025-10-15 15:37:17.281272
11655,J*** Pires,032.***.***-**,p*************@example.net,5050,1997-04-21,2025-10-15 15:37:17.281272,2025-10-15 15:37:17.281273
11692,D*** Luiz Pinto,650.***.***-**,f******@example.net,9750,1997-06-08,2025-10-15 15:37:17.281326,2025-10-15 15:37:17.281327
11769,R***** Sousa,380.***.***-**,b*********@example.com,9077,1997-03-05,2025-10-15 15:37:17.281426,2025-10-15 15:37:17.281427
11812,M****** da Paz,821.***.***-**,a*************@example.com,2011,1997-03-18,2025-10-15 15:37:17.281481,2025-10-15 15:37:17.281482
11902,A**** Nogueira,710.***.***-**,s*********@example.net,2456,1997-05-22,2025-10-15 15:37:17.281596,2025-10-15 15:37:17.281596
11907,B******* da Mata,013.***.***-**,c******@example.com,9080,1997-06-26,2025-10-15 15:37:17.281602,2025-10-15 15:37:17.281603
11936,L**** Rocha,278.***.***-**,e***************@example.com,5741,1997-06-22,2025-10-15 15:37:17.281638,2025-10-15 15:37:17.281639
11999,A** Sophia Aragão,286.***.***-**,i******@example.com,5629,1997-02-24,2025-10-15 15:37:17.281721,2025-10-15 15:37:17.281722
12145,V******* da Rocha,027.***.***-**,v******@example.org,1745,1997-04-16,2025-10-15 15:37:17.281906,2025-10-15 15:37:17.281907
12214,B****** Freitas,964.***.***-**,f*************@example.net,3373,1997-12-10,2025-10-15 15:37:17.281994,2025-10-15 15:37:17.281995
12217,A** Carolina Pires,048.***.***-**,r**********@example.org,9134,1997-07-05,2025-10-15 15:37:17.281998,2025-10-15 15:37:17.281998
12228,S**** Ferreira,570.***.***-**,m***********@example.com,6925,1997-11-20,2025-10-15 15:37:17.282011,2025-10-15 15:37:17.282012
12274,L**** Marques,152.***.***-**,y*****@example.net,2376,1997-01-29,2025-10-15 15:37:17.282069,2025-10-15 15:37:17.282070
12646,Z** Sampaio,340.***.***-**,a********************@example.com,1260,1997-06-08,2025-10-15 15:37:17.282569,2025-10-15 15:37:17.282570
12702,J*** Miguel Ferreira,829.***.***-**,d******@example.org,1574,1997-08-24,2025-10-15 15:37:17.282640,2025-10-15 15:37:17.282641
12837,C***** Eduardo Novaes,530.***.***-**,v*******************@example.org,1427,1997-07-29,2025-10-15 15:37:17.282812,2025-10-15 15:37:17.282813
12842,V******** Nunes,532.***.***-**,u******@example.org,1557,1997-07-24,2025-10-15 15:37:17.282818,2025-10-15 15:37:17.282819
12853,C***** Nascimento,597.***.***-**,p**********@example.com,0805,1997-12-08,2025-10-15 15:37:17.282832,2025-10-15 15:37:17.282832
12942,T*** Mendonça,843.***.***-**,p************@example.net,0358,1997-01-28,2025-10-15 15:37:17.282974,2025-10-15 15:37:17.282975
12979,K**** Guerra,953.***.***-**,c**************@example.net,4181,1997-06-12,2025-10-15 15:37:17.283022,2025-10-15 15:37:17.283023
13342,C*** Moraes,743.***.***-**,v***********@example.net,5589,1997-05-11,2025-10-15 15:37:17.283499,2025-10-15 15:37:17.283500
13374,K****** Machado,304.***.***-**,r**************@example.com,6641,1997-03-27,2025-10-15 15:37:17.283538,2025-10-15 15:37:17.283539
13420,D**** Pacheco,089.***.***-**,m***************@example.com,0044,1997-10-29,2025-10-15 15:37:17.283596,2025-10-15 15:37:17.283596
13632,T***** Sales,541.***.***-**,d**********@example.net,9274,1997-03-23,2025-10-15 15:37:17.283894,2025-10-15 15:37:17.283894
13633,L** Aparecida,469.***.***-**,l******@example.net,7706,1997-07-24,2025-10-15 15:37:17.283895,2025-10-15 15:37:17.283896
13792,M**** Helena da Luz,275.***.***-**,c****************@example.com,1688,1997-07-24,2025-10-15 15:37:17.284098,2025-10-15 15:37:17.284098
13881,J****** Fernandes,583.***.***-**,c*********@example.org,1302,1997-10-24,2025-10-15 15:37:17.284213,2025-10-15 15:37:17.284214
13977,E******** das Neves,526.***.***-**,e******@example.com,6828,1997-09-10,2025-10-15 15:37:17.284359,2025-10-15 15:37:17.284360
14073,R*** Monteiro,257.***.***-**,c********@example.org,3861,1997-07-04,2025-10-15 15:37:17.284484,2025-10-15 15:37:17.284485
14091,B**** Pinto,367.***.***-**,c************@example.net,3156,1997-12-16,2025-10-15 15:37:17.284506,2025-10-15 15:37:17.284506
14158,S** João Guilherme Cirino,816.***.***-**,r******@example.org,0455,1997-02-13,2025-10-15 15:37:17.284592,2025-10-15 15:37:17.284593
14259,A*** Andrade,831.***.***-**,v************@example.org,5417,1997-01-08,2025-10-15 15:37:17.284719,2025-10-15 15:37:17.284719
14321,C***** Cavalcante,659.***.***-**,m***********@example.org,9657,1997-09-19,2025-10-15 15:37:17.284798,2025-10-15 15:37:17.284798
14355,L****** Novais,617.***.***-**,i************@example.org,8194,1997-07-07,2025-10-15 15:37:17.284839,2025-10-15 15:37:17.284839
14458,J*** Pedro Pinto,658.***.***-**,n*********@example.net,4756,1997-12-07,2025-10-15 15:37:17.284971,2025-10-15 15:37:17.284971
14465,C****** Brito,715.***.***-**,c*******@example.org,0397,1997-11-14,2025-10-15 15:37:17.284979,2025-10-15 15:37:17.284980
14497,L*** da Rosa,431.***.***-**,a****************@example.org,5934,1997-05-13,2025-10-15 15:37:17.285022,2025-10-15 15:37:17.285023
14925,S** Gustavo da Paz,893.***.***-**,g*************@example.org,9706,1997-04-02,2025-10-15 15:37:17.285572,2025-10-15 15:37:17.285573
14942,P***** Abreu,253.***.***-**,m***************@example.com,5998,1997-09-15,2025-10-15 15:37:17.285593,2025-10-15 15:37:17.285594
15035,L*** Fernando Cunha,984.***.***-**,d****************@example.org,3950,1997-04-25,2025-10-15 15:37:17.285709,2025-10-15 15:37:17.285710
15094,T*** Machado,931.***.***-**,a*****@example.com,4205,1997-03-27,2025-10-15 15:37:17.285785,2025-10-15 15:37:17.285786
15146,A***** Fogaça,701.***.***-**,d************@example.org,6359,1997-02-20,2025-10-15 15:37:17.285852,2025-10-15 15:37:17.285853
15232,S*** Sara das Neves,045.***.***-**,v***********@example.net,3059,1997-04-25,2025-10-15 15:37:17.285964,2025-10-15 15:37:17.285965
15279,I** Jesus,189.***.***-**,v******************@example.org,2091,1997-03-07,2025-10-15 15:37:17.286023,2025-10-15 15:37:17.286024
15316,R****** Pastor,834.***.***-**,r***********@example.org,5456,1997-07-18,2025-10-15 15:37:17.286070,2025-10-15 15:37:17.286071
15340,C****** Moreira,453.***.***-**,a**********@example.net,3462,1997-07-18,2025-10-15 15:37:17.286102,2025-10-15 15:37:17.286103
15346,S*** Luiza da Cruz,849.***.***-**,n****************@example.org,1964,1997-06-16,2025-10-15 15:37:17.286109,2025-10-15 15:37:17.286110
15443,H****** Siqueira,197.***.***-**,f********@example.org,5685,1997-10-01,2025-10-15 15:37:17.286232,2025-10-15 15:37:17.286233
15456,B******* Santos,851.***.***-**,e*****@example.com,8321,1997-05-13,2025-10-15 15:37:17.286248,2025-10-15 15:37:17.286249
15458,N****** Correia,390.***.***-**,i***********@example.com,8709,1997-11-06,2025-10-15 15:37:17.286250,2025-10-15 15:37:17.286251
15511,S** Caleb Oliveira,019.***.***-**,l************@example.com,1395,1997-07-16,2025-10-15 15:37:17.286326,2025-10-15 15:37:17.286326
15554,M***** Vargas,745.***.***-**,h***********@example.org,1250,1997-01-01,2025-10-15 15:37:17.286382,2025-10-15 15:37:17.286383
15581,T***** da Paz,039.***.***-**,m**********@example.org,8540,1997-02-01,2025-10-15 15:37:17.286416,2025-10-15 15:37:17.286416
15594,A*** Câmara,134.***.***-**,b*********@example.org,8118,1997-02-22,2025-10-15 15:37:17.286433,2025-10-15 15:37:17.286434
15605,S**** Maria Helena Cunha,206.***.***-**,n*******@example.org,2925,1997-08-09,2025-10-15 15:37:17.286447,2025-10-15 15:37:17.286448
15688,F******* Cirino,129.***.***-**,j******@example.net,3475,1997-06-12,2025-10-15 15:37:17.286552,2025-10-15 15:37:17.286552
15747,C******* Dias,483.***.***-**,c********@example.com,6518,1997-11-23,2025-10-15 15:37:17.286626,2025-10-15 15:37:17.286626
15774,A**** Vargas,283.***.***-**,a***********@example.net,5801,1997-03-11,2025-10-15 15:37:17.286662,2025-10-15 15:37:17.286663
16028,S** Davi Lucas Sampaio,971.***.***-**,a**************@example.org,6317,1997-04-10,2025-10-15 15:37:17.286998,2025-10-15 15:37:17.286998
16056,I******* Machado,874.***.***-**,s*********@example.com,8650,1997-07-25,2025-10-15 15:37:17.287032,2025-10-15 15:37:17.287032
16063,D***** Novaes,791.***.***-**,b**************@example.org,0728,1997-04-03,2025-10-15 15:37:17.287042,2025-10-15 15:37:17.287043
16209,C******* Rios,068.***.***-**,n*******@example.net,4010,1997-07-18,2025-10-15 15:37:17.287226,2025-10-15 15:37:17.287226
16280,D** Kevin Fernandes,065.***.***-**,a***********@example.org,5268,1997-10-23,2025-10-15 15:37:17.287337,2025-10-15 15:37:17.287338
16282,S***** Costela,906.***.***-**,t*******@example.com,0705,1997-04-16,2025-10-15 15:37:17.287340,2025-10-15 15:37:17.287340
16287,L*** Ferreira,082.***.***-**,n*****@example.org,5600,1997-10-27,2025-10-15 15:37:17.287347,2025-10-15 15:37:17.287348
16295,S*** Lavínia Barbosa,184.***.***-**,p**************@example.com,6255,1997-11-11,2025-10-15 15:37:17.287357,2025-10-15 15:37:17.287357
16329,L**** Gabriel da Paz,519.***.***-**,m***************@example.org,1295,1997-12-11,2025-10-15 15:37:17.287403,2025-10-15 15:37:17.287403
16374,L****** Campos,403.***.***-**,a**********@example.org,9895,1997-04-14,2025-10-15 15:37:17.287461,2025-10-15 15:37:17.287461
16432,I***** Aparecida,039.***.***-**,e*******@example.com,5526,1997-04-02,2025-10-15 15:37:17.287537,2025-10-15 15:37:17.287537
16513,E***** Dias,480.***.***-**,g******************@example.org,5133,1997-04-26,2025-10-15 15:37:17.287642,2025-10-15 15:37:17.287643
16569,A***** Borges,461.***.***-**,t*******@example.org,0759,1997-04-18,2025-10-15 15:37:17.287723,2025-10-15 15:37:17.287724
16613,M**** Clara Fogaça,824.***.***-**,d*************@example.net,3865,1997-07-01,2025-10-15 15:37:17.287803,2025-10-15 15:37:17.287804
16619,L*** Silva,642.***.***-**,f****************@example.org,1295,1997-12-09,2025-10-15 15:37:17.287812,2025-10-15 15:37:17.287813
16683,E****** Lima,983.***.***-**,f*********@example.org,2667,1997-01-24,2025-10-15 15:37:17.287892,2025-10-15 15:37:17.287892
16763,S**** Bruna Costela,608.***.***-**,r**@example.com,8453,1997-02-18,2025-10-15 15:37:17.287993,2025-10-15 15:37:17.287994
16769,C****** Pimenta,052.***.***-**,l******@example.net,4716,1997-04-10,2025-10-15 15:37:17.288000,2025-10-15 15:37:17.288001
16774,H**** Castro,809.***.***-**,k*******@example.net,1962,1997-08-22,2025-10-15 15:37:17.288006,2025-10-15 15:37:17.288007
16846,N*** Abreu,165.***.***-**,d*****************@example.net,3609,1997-10-01,2025-10-15 15:37:17.288098,2025-10-15 15:37:17.288098
16869,B******* Montenegro,475.***.***-**,n********@example.org,7821,1997-07-06,2025-10-15 15:37:17.288127,2025-10-15 15:37:17.288128
16934,A***** da Costa,592.***.***-**,l*****@example.org,8933,1997-09-13,2025-10-15 15:37:17.288209,2025-10-15 15:37:17.288209
16989,A** Júlia da Mata,038.***.***-**,i*******@example.com,0478,1997-12-07,2025-10-15 15:37:17.288282,2025-10-15 15:37:17.288283
17066,D** Marcelo da Costa,695.***.***-**,j**********@example.net,0000,1997-01-31,2025-10-15 15:37:17.288387,2025-10-15 15:37:17.288387
17115,C**** Melo,163.***.***-**,d*********@example.com,5323,1997-02-06,2025-10-15 15:37:17.288450,2025-10-15 15:37:17.288450
17119,D*** Lucca Vieira,724.***.***-**,m*********@example.com,2917,1997-12-11,2025-10-15 15:37:17.288454,2025-10-15 15:37:17.288455
17151,E*** das Neves,893.***.***-**,n*******@example.net,0881,1997-04-05,2025-10-15 15:37:17.288495,2025-10-15 15:37:17.288496
17210,A** Sophia Cunha,165.***.***-**,a**********@example.com,5487,1997-04-03,2025-10-15 15:37:17.288573,2025-10-15 15:37:17.288573
17328,R****** Novais,462.***.***-**,m************@example.org,1754,1997-04-27,2025-10-15 15:37:17.288719,2025-10-15 15:37:17.288720
17329,G****** Souza,872.***.***-**,d***********@example.net,3842,1997-06-26,2025-10-15 15:37:17.288721,2025-10-15 15:37:17.288721
17391,C***** Correia,845.***.***-**,s*******@example.org,2471,1997-10-13,2025-10-15 15:37:17.288800,2025-10-15 15:37:17.288800
17458,S*** Mariane Martins,480.***.***-**,s**********@example.net,0344,1997-04-23,2025-10-15 15:37:17.288883,2025-10-15 15:37:17.288884
17630,M**** Laura Oliveira,928.***.***-**,l*****@example.org,2172,1997-01-27,2025-10-15 15:37:17.289115,2025-10-15 15:37:17.289115
17710,L*** Almeida,265.***.***-**,v************@example.org,5587,1997-02-10,2025-10-15 15:37:17.289222,2025-10-15 15:37:17.289223
17880,D** Luiz Fernando Leão,263.***.***-**,t********@example.com,1758,1997-12-14,2025-10-15 15:37:17.289456,2025-10-15 15:37:17.289456
17946,L*** Henrique das Neves,901.***.***-**,c*********************@example.org,2684,1997-01-01,2025-10-15 15:37:17.289544,2025-10-15 15:37:17.289545
18104,M****** Ramos,245.***.***-**,j********@example.org,4069,1997-09-22,2025-10-15 15:37:17.289752,2025-10-15 15:37:17.289752
18108,L****** Leão,965.***.***-**,d*****@example.net,7402,1997-01-01,2025-10-15 15:37:17.289757,2025-10-15 15:37:17.289757
18177,T******* Jesus,419.***.***-**,r**********@example.net,3607,1997-07-31,2025-10-15 15:37:17.289845,2025-10-15 15:37:17.289845
18340,L**** Montenegro,610.***.***-**,c***********@example.org,5728,1997-04-29,2025-10-15 15:37:17.290058,2025-10-15 15:37:17.290059
18387,D*** Milena Gonçalves,653.***.***-**,s****@example.org,7875,1997-02-28,2025-10-15 15:37:17.290120,2025-10-15 15:37:17.290120
18458,M**** Liz Abreu,238.***.***-**,d****************@example.net,4481,1997-07-13,2025-10-15 15:37:17.290213,2025-10-15 15:37:17.290213
18477,L*** Miguel Machado,517.***.***-**,m**********@example.org,1835,1997-04-25,2025-10-15 15:37:17.290236,2025-10-15 15:37:17.290237
18485,M**** Luiza Novaes,615.***.***-**,n*********@example.net,8222,1997-05-10,2025-10-15 15:37:17.290249,2025-10-15 15:37:17.290249
18522,R***** Pimenta,024.***.***-**,o********@example.net,0267,1997-06-01,2025-10-15 15:37:17.290300,2025-10-15 15:37:17.290300
18557,M***** Ferreira,325.***.***-**,o*******@example.com,0843,1997-07-25,2025-10-15 15:37:17.290348,2025-10-15 15:37:17.290349
18745,B***** Brito,906.***.***-**,s******@example.com,4923,1997-06-20,2025-10-15 15:37:17.290594,2025-10-15 15:37:17.290594
18790,J*** Fernandes,743.***.***-**,j************@example.org,5586,1997-01-25,2025-10-15 15:37:17.290652,2025-10-15 15:37:17.290652
18914,E*** Cavalcante,043.***.***-**,a************@example.org,8948,1997-03-07,2025-10-15 15:37:17.290812,2025-10-15 15:37:17.290813
19033,D*** Kamilly Guerra,083.***.***-**,m*************@example.org,3234,1997-12-02,2025-10-15 15:37:17.290969,2025-10-15 15:37:17.290970
19098,E****** Camargo,986.***.***-**,d**************@example.org,2767,1997-04-13,2025-10-15 15:37:17.291056,2025-10-15 15:37:17.291057
19172,Y***** Pinto,084.***.***-**,g****************@example.net,1170,1997-10-21,2025-10-15 15:37:17.291154,2025-10-15 15:37:17.291154
19189,D**** Vasconcelos,561.***.***-**,e**********@example.com,9801,1997-01-02,2025-10-15 15:37:17.291175,2025-10-15 15:37:17.291176
19253,D*** Bárbara Almeida,865.***.***-**,m********@example.org,7231,1997-08-05,2025-10-15 15:37:17.291259,2025-10-15 15:37:17.291260
19308,B******* Silva,298.***.***-**,n**********@example.com,4982,1997-07-21,2025-10-15 15:37:17.291337,2025-10-15 15:37:17.291337
19344,V**** Hugo Pinto,693.***.***-**,c*********@example.org,6230,1997-02-05,2025-10-15 15:37:17.291385,2025-10-15 15:37:17.291385
19394,S** Pedro Miguel Mendonça,670.***.***-**,m**************@example.com,3415,1997-06-11,2025-10-15 15:37:17.291451,2025-10-15 15:37:17.291452
19454,M***** Vargas,236.***.***-**,r**************@example.com,4370,1997-08-20,2025-10-15 15:37:17.291530,2025-10-15 15:37:17.291531
19475,S**** Zoe Rios,536.***.***-**,m************@example.net,9245,1997-07-23,2025-10-15 15:37:17.291559,2025-10-15 15:37:17.291559
19507,B**** Leão,573.***.***-**,s*************@example.net,3779,1997-08-22,2025-10-15 15:37:17.291601,2025-10-15 15:37:17.291601
19521,E***** Camargo,018.***.***-**,s**************@example.org,7064,1997-01-05,2025-10-15 15:37:17.291618,2025-10-15 15:37:17.291619
19541,M**** Alice Peixoto,609.***.***-**,d************@example.net,2062,1997-06-12,2025-10-15 15:37:17.291643,2025-10-15 15:37:17.291644
19551,A** Beatriz Lopes,830.***.***-**,e******@example.org,1551,1997-06-30,2025-10-15 15:37:17.291658,2025-10-15 15:37:17.291658
19656,S***** Nascimento,425.***.***-**,a********@example.net,9256,1997-03-21,2025-10-15 15:37:17.291796,2025-10-15 15:37:17.291797
19660,R**** Novaes,401.***.***-**,c*****@example.net,2514,1997-12-04,2025-10-15 15:37:17.291802,2025-10-15 15:37:17.291802
19662,R***** da Cunha,316.***.***-**,l***********@example.com,1904,1997-08-23,2025-10-15 15:37:17.291804,2025-10-15 15:37:17.291805
19663,I***** Alves,738.***.***-**,m************@example.org,0381,1997-06-03,2025-10-15 15:37:17.291806,2025-10-15 15:37:17.291806
19791,L**** Gabriel Monteiro,964.***.***-**,m************@example.org,5426,1997-12-04,2025-10-15 15:37:17.291972,2025-10-15 15:37:17.291973
19895,T*** Almeida,352.***.***-**,l******@example.org,1176,1997-03-19,2025-10-15 15:37:17.292109,2025-10-15 15:37:17.292109
19910,S*** Carvalho,597.***.***-**,d**************@example.org,6885,1997-09-22,2025-10-15 15:37:17.292127,2025-10-15 15:37:17.292128
